Model,Accuracy
Random Forest,0.83994708994709
Gradient Boosting,0.8611111111111112
Logistic Regression,0.6706349206349206
